id;cue;sector;nombre;nro_escuela
1;2200001;Estatal;JARDIN DE INFANTES Nº 84 - ALAS DE LIBERTAD;84
2;2200003;Estatal;JARDIN DE INFANTES Nº 45 - MAESTRA SARA MARINO;45
3;2200004;Privado;U.E.G.P Nº 1 (UEP Nº 1) INSTITUTO EDUCATIVO PRIVADO;1
4;2200019;Estatal;JARDIN DE INFANTES Nº 13 - MARIQUITA S.DE THOMPSON;13
5;2200050;Estatal;JARDIN DE INFANTES Nº 21 - ALMAFUERTE;21
6;2200061;Estatal;JARDIN DE INFANTES Nº 50 - HERMANA MARIA A. BARAGGIOLI;50
7;2200068;Estatal;JARDIN DE INFANTES Nº 46 - BALDOMERO FERNANDEZ MORENO;46
8;2200084;Estatal;JARDIN DE INFANTES Nº 60 - LUISA V.VALLOUD DE TORREGROSA;60
9;2200089;Estatal;JARDIN DE INFANTES Nº 83 - DOÑA PAULA ALBARRACIN;83
10;2200092;Estatal;JARDIN DE INFANTES Nº 5 - ROSARIO VERA PEÑALOZA;5
11;2200143;Estatal;JARDIN DE INFANTES Nº 65 - MAESTRA SORAIDA AUCAR;65
12;2200147;Estatal;JARDIN DE INFANTES Nº 49 - FEDERICO FROEBEL;49
13;2200148;Estatal;JARDIN DE INFANTES Nº 23 - PROFESORA MARINA M.RAVIOLI;23
14;2200149;Estatal;JARDIN DE INFANTES Nº 12 - MARIA MONTESSORI;12
15;2200200;Estatal;E.E.E. Nº 7 - JULIA OFELIA CUBILLA;7
16;2200606;Privado;U.E.G.P Nº 4 (UEP Nº 4) RAYOS DE LUZ;4
17;2200607;Estatal;E.E.E. Nº 4;4
18;2200615;Estatal;JARDIN DE INFANTES Nº 67 - ALEJANDRO CARBO;67
19;2200620;Estatal;JARDIN DE INFANTES Nº 28 - ANA ISABEL RIGHI DE VARELA;28
20;2200622;Privado;U.E.G.P Nº 17 (UEP Nº 17) CRECER CON TODOS;17
21;2200623;Privado;U.E.G.P Nº 51 (UEP Nº 51) IPENI;51
22;2200666;Estatal;JARDIN DE INFANTES Nº 57 - LIBERTAD E INDEPENDENCIA;57
23;2200668;Estatal;JARDIN DE INFANTES Nº 58 - JOSEFINA E.M.DE RENARD;58
24;2200885;Estatal;JARDIN DE INFANTES Nº 19 - DR.JUAN J.O'CONNOR;19
25;2200901;Estatal;JARDIN DE INFANTES Nº 29 - JUSTA JOSEFA GOMEZ DE BELFIORE;29
26;2200915;Estatal;E.E.S. Nº 7 - JUAN S. MAC LEAN (ENS Nº 7);7
27;2200953;Estatal;JARDIN DE INFANTES Nº 34 - CRISTO REY;34
28;2200955;Estatal;JARDIN DE INFANTES Nº 3 - TAMBORCITO DE TACUARI;3
29;2200962;Estatal;JARDIN DE INFANTES Nº 112 - OLGA COSSETTINI;112
30;2200971;Estatal;E.E.E. Nº 1 - DOCTOR LUIS A.GONZALEZ;1
31;2200979;Privado;U.E.G.P Nº 12 (UEP Nº 12) INSTITUTO PRIVADO CRISTIANO;12
32;2201011;Estatal;JARDIN DE INFANTES Nº 33 - NIÑO DE YAPEYU;33
33;2201012;Estatal;JARDIN DE INFANTES Nº 48;48
34;2201032;Estatal;JARDIN DE INFANTES Nº 26 - MARTHA ALCIRA SALOTTI;26
35;2201285;Estatal;E.E.P. Nº 62 - CAALTE. VALENTIN FEILBERG;62
36;2201296;Estatal;JARDIN DE INFANTES Nº 43 - MARIA LUISA ROQUES;43
37;2201305;Estatal;JARDIN DE INFANTES Nº 31 - JORGE ALEJANDRO NEWBERY;31
38;2201306;Estatal;JARDIN DE INFANTES Nº 30 - MAESTRA MARIA L.VARGAS DE HONNORAT;30
39;2201307;Estatal;JARDIN DE INFANTES Nº 32 - MANUELA ORTIZ DE VERA ORTEGA;32
40;2201328;Estatal;JARDIN DE INFANTES Nº 1 - MERCEDITAS DE SAN MARTIN;1
41;2201330;Estatal;E.E.E. Nº 5 - DRA. LYDIA F.DE CORIAT;5
42;2201402;Privado;U.E.G.P Nº 48 (UEP Nº 48) LUIS FEDERICO LELOIR;48
43;2201448;Privado;U.E.G.P Nº 74 (UEP Nº 74) ARDILLITAS;74
44;2201449;Privado;U.E.G.P Nº 75 (UEP Nº 75) MUNDO DE COLORES;75
45;2201463;Privado;U.E.G.P Nº 10 (UEP Nº 10) INSTITUTO EDUCATIVO PRIVADO Nº 2 SRL;10
46;2201465;Estatal;JARDIN DE INFANTES Nº 123 - ARQ.CARLOS E.ALABE;123
47;2201473;Estatal;JARDIN DE INFANTES Nº 124 - MARIA R. DE DELLAMEA;124
48;2201495;Estatal;JARDIN DE INFANTES Nº 129 - MAESTRA MARIA O.DIAZ DE FELDMAN;129
49;2201496;Estatal;JARDIN DE INFANTES Nº 130 - BERTA E.BOCCO DE VARISCO;130
50;2201499;Estatal;JARDIN MATERNAL Y DE INFANTES Nº 133;133
51;2201500;Estatal;JARDIN DE INFANTES Nº 134 - DR. ARTURO LESTANI;134
52;2201501;Estatal;JARDIN DE INFANTES Nº 135 -ANSELMO ZOILO DUCA-;135
53;2201502;Estatal;JARDIN DE INFANTES Nº 136 - MEMPO GIARDINELLI;136
54;2201503;Estatal;JARDIN DE INFANTES Nº 137;137
55;2201510;Estatal;JARDIN DE INFANTES Nº 144 - PROF. MARTHA NOEMI NUÑEZ;144
56;2201512;Privado;U.E.G.P Nº 77 (UEP Nº 77) DIENTES DE LECHE;77
57;2201572;Estatal;CENTRO DE ESTIMULACION Y APRENDIZAJES TEMPRANOS Nº 1;1
58;2201573;Estatal;JARDIN DE INFANTES Nº 147;147
59;2201592;Privado;U.E.G.P Nº 90 (UEP Nº 90) JARDIN CORAZONCITOS;90
60;2201600;Privado;U.E.G.P Nº 92 (UEP Nº 92) IECO - UPA LA LA;92
61;2201609;Privado;U.E.G.P Nº 104 (UEP Nº 104) JARDIN DE ARTES;104
62;2201611;Estatal;JARDIN DE INFANTES Nº 152;152
63;2201616;Privado;U.E.G.P Nº 109 (UEP Nº 109) COLEGIO INTEGRAL DR.CARLOS LOPEZ PIACENTINI;109
64;2201788;Estatal;JARDIN DE INFANTES Nº 153 - LOS NIÑOS DE SAN FRANCISCO JAVIER;153
65;2201794;Privado;U.E.G.P Nº 99 (UEP Nº 99) LOS GIRASOLES;99
66;2201801;Privado;U.E.G.P Nº 101 (UEP Nº 101) INSTITUTO EDUCATIVO PENIEL;101
67;2201803;Privado;U.E.G.P Nº 123 (UEP Nº 123) AL AGUA PATO;123
68;2201805;Privado;U.E.G.P Nº 125 (UEP Nº 125) PLANETA NIÑOS;125
69;2201819;Estatal;JARDIN DE INFANTES Nº 154 - PROFESORA SUSANA ISABEL AQUINO;154
70;2201865;Estatal;JARDIN DE INFANTES Nº 159;159
71;2201895;Privado;U.E.G.P Nº 78 (UEP Nº 78) FE Y ALEGRIA ARGENTINA;78
72;2201907;Estatal;JARDIN DE INFANTES Nº 167;167
73;2201935;Privado;U.E.G.P Nº 15 - INSTITUTO PRIVADO CHACO;15
74;2202008;Estatal;JARDIN DE INFANTES Nº 170;170
75;2202023;Estatal;JARDIN DE INFANTES Nº 174 - RAYITO DE SOL;174
76;2202026;Estatal;JARDIN DE INFANTES Nº  177;177
77;2202056;Estatal;JARDIN DE INFANTES Nº 179;179
78;2202057;Estatal;JARDIN DE INFANTES Nº 180 - VILLA DON ANDRES;180
79;2202113;Estatal;JARDIN DE INFANTES Nº 184;184
80;2202148;Gestión social/cooperativa;E.P.G.C.B.I.I. Nº 1 (EX-UEP Nº 3O);1
81;2202184;Estatal;JARDIN DE INFANTES Nº 196 - GRACIELA BEATRIZ CABAL;196
82;2202198;Privado;U.E.G.P Nº 160 (UEP Nº 160);160
83;2202210;Privado;U.E.G.P Nº 21 (UEP Nº 21) MARIA AUXILIADORA;21
84;2202212;Estatal;P.E. JARDIN MATERNO INFANTIL NOCTURNO PARA LA INCLUSION SOCIAL Y EDUCATIVA;
85;2202234;Privado;U.E.G.P Nº 155 (UEP Nº 155) PIMPOLLOS;155
86;2202236;Privado;U.E.G.P Nº 26 (UEP Nº 26) SAN JOSE OBRERO;26
87;2202259;Estatal;E.E.E. Nº 40 (EX-CAANEM);40
88;2202265;Gestión social/cooperativa;E.P.G.S. Nº 1 - HEROES LATINOAMERICANOS;1
89;2202284;Estatal;JARDIN DE INFANTES Nº 205 - LAURA DEVETACH;205
90;2202292;Estatal;P.E. EL JARDÍN MATERNO INFANTIL CASTILLO DE ARENA (UPCP);
91;2202294;Gestión social/cooperativa;E.P.G.S. Nº 15 (EX P.E. BLA)-MARIANO FERREYRA-;
92;2202301;Gestión social/cooperativa;JARDIN MATERNO INFANTIL - PROF. NELIDA SOSIO DE YTURRIOZ (UNNE);
93;2202309;Privado;U.E.G.P Nº 27 (UEP Nº 27) EMILIO LAMARCA;27
94;2202310;Privado;U.E.G.P Nº 31 (UEP Nº 31) SAN ROQUE;31
95;2202313;Privado;U.E.G.P Nº 18 (UEP Nº 18) NUESTRA SEÑORA DE ITATI;18
96;2202321;Privado;U.E.G.P Nº 19 (UEP Nº 19) DON BOSCO;19
97;2202328;Privado;U.E.G.P Nº 73 (UEP Nº 73) IGLESIA DE JESUCRISTO;73
98;2202331;Estatal;JARDIN DE INFANTES Nº 207 - DORA ADELA PANDO MONZÓN;207
99;2202333;Privado;U.E.G.P Nº 183 (UEP Nº 183) CETAI CHACO;183
100;2202334;Estatal;P.E. MATERNO INFANTIL DE LA U.T.I.CH;
101;2202335;Estatal;P.E. INICIAL - JARDIN LÚDICO EXPRESIVO;
102;2202351;Gestión social/cooperativa;E.P.G.S. Nº 2 (INICIAL);2
103;2202363;Privado;U.E.G.P Nº 189 (UEP Nº 189) PROYECTO EDUCATIVO MIRADA TRES;189
104;2202375;Privado;U.E.G.P Nº 184 (UEP Nº 184) C.I.T.T.I;184
105;2202407;Estatal;P.E. INICIAL - GUARDERIA DEL PODER LEGISLATIVO;
106;2202412;Privado;U.E.G.P Nº 191 (UEP Nº 191) CREANDO ESPACIOS;191
107;2202424;Estatal;JARDIN DE INFANTES Nº 211;211
108;2202445;Privado;U.E.G.P Nº 179 (UEP Nº 179) INSTITUTO DE FORMACION INTEGRAL CHACO;179
109;2202508;Privado;U.E.G.P Nº 206;206
110;2202512;Gestión social/cooperativa;E.P.G.S. Nº 6 -CARLOS ARMANDO ROLON (EX P-E BLA ZONA SUR);6
111;2202546;Privado;U.E.G.P Nº 205 - MIS PEQUEÑITOS;205
112;2202552;Privado;U.E.G.P Nº 204 - RETOÑOS ECO JAR;204
113;2202590;Estatal;P.E. INICIAL - CENTRO DE ATENCION ALUMNA MADRE;
114;2202593;Estatal;P.E. INICIAL - PEQUEÑOS SUEÑOS;
115;2202600;Estatal;P.E. INICIAL - NOCTURNO PARA INCLUSION EDUCATIVA;
116;2202604;Estatal;P.E. INICIAL - PEQUEÑOS SABIOS;
117;2202619;Privado;U.E.G.P Nº 216 - SENSACIONES JARDIN MATERNAL;216
118;2202634;Privado;U.E.G.P Nº 221;221
119;2202637;Privado;U.E.G.P Nº 200 - FUNDACION DEPORTIVO SOCIAL CHACO;200
120;2202642;Privado;U.E.G.P Nº 107 (UEP Nº 107) INSTITUTO SUPERIOR EDUCACION Y TRABAJO;107
121;2202651;Privado;U.E.G.P Nº 228 - CASA DE LOS NIÑOS FUNDACION LA LUCILA;228
122;2202654;Estatal;JARDIN DE INFANTES Nº 232;232
123;2202659;Privado;U.E.G.P Nº 114 (JI) - UNIVERSIDAD POPULAR DE RESISTENCIA;114
124;2202661;Privado;U.E.G.P Nº 229;229
125;2202664;Privado;U.E.G.P Nº 218 - FUNDACION SARMIENTO;218
126;2202668;Privado;U.E.G.P Nº 165 (UEP Nº 165) PAULO FREIRE - FUNDACIÓN COMPROMISO CIUDADANO DEL NEA;165
127;2202691;Privado;U.E.G.P Nº 179 (UEP Nº 179) INSTITUTO DE FORMACION INTEGRAL CHACO;
128;2202697;Estatal;P.E. INICIAL - DULCES SONRISAS;
129;2202714;Privado;U.E.G.P Nº 233 -ESCUELA DE FORMACIÓN INTEGRAL SOMOS-;
130;2202719;Privado;U.E.G.P Nº 42 -J.I-(UEP Nº 42) INSTITUTO ADVENTISTA DE RESISTENCIA;
131;2202722;Privado;U.E.G.P Nº 41 (UEP Nº 41) INSTITUTO EDUCATIVO BILINGUE AMICI;
132;2200002;Estatal;E.E.P. Nº   50;50
133;2200017;Estatal;E.E.P. Nº 42 - AMANDA DE GRANDI DE SOLIS;42
134;2200018;Estatal;E.E.P. Nº 168 - GENERAL ENRIQUE MOSCONI;168
135;2200049;Estatal;E.E.P. Nº 4 - IDA YOLANDA VALLEJOS;4
136;2200051;Estatal;E.E.P. Nº 737 - LUCIO NORBERTO MANSILLA;737
137;2200052;Estatal;E.E.P. Nº 698 - MARTIN MIGUEL DE GUEMES;698
138;2200057;Estatal;E.E.P. Nº 834 - INDEPENDENCIA;834
139;2200059;Estatal;E.E.P. Nº  949;949
140;2200062;Privado;U.E.G.P Nº 42 -E.E.P-(UEP Nº 42) INSTITUTO ADVENTISTA DE RESISTENCIA;42
141;2200064;Estatal;E.E.P. Nº 73 - COLONIZADORES FRIULANOS;73
142;2200074;Privado;U.E.G.P Nº 27 (UEP Nº 27) EMILIO LAMARCA;27
143;2200088;Privado;U.E.G.P Nº 41 (UEP Nº 41) INSTITUTO EDUCATIVO BILINGUE AMICI;41
144;2200090;Estatal;E.E.P. Nº 41 - MAESTRO RICARDO A.IVANCOVICH;41
145;2200145;Estatal;E.E.P. Nº 897 - CORONEL FEDERICO DE BRANDSEN;897
146;2200146;Privado;U.E.G.P Nº 18 (UEP Nº 18) NUESTRA SEÑORA DE ITATI;18
147;2200592;Estatal;E.E.P. Nº 700 - MANUEL BELGRANO;700
148;2200593;Estatal;E.E.P. Nº 712 - CORONEL MANUEL DORREGO;712
149;2200595;Privado;U.E.G.P Nº 19 (UEP Nº 19) DON BOSCO;19
150;2200621;Privado;U.E.G.P Nº 10 (UEP Nº 10) INSTITUTO EDUCATIVO PRIVADO Nº 2 SRL;10
151;2200825;Privado;U.E.G.P Nº 16 (UEP Nº 16) JOSE MANUEL ESTRADA;16
152;2200847;Estatal;E.E.P. Nº 2 - RAUL B.DIAZ;2
153;2200886;Estatal;E.E.P. Nº 33 - INDEPENDENCIA;33
154;2200898;Estatal;E.E.P. Nº 315 - ERNESTO DUVIVIER;315
155;2200900;Estatal;E.E.P. Nº 972 - PROVINCIA DEL CHACO;972
156;2200902;Estatal;E.E.P. Nº 804 - LIDIA M.E.DE ESPINOSA;804
157;2200903;Estatal;E.E.P. Nº 117 - MANUEL SANCHIS;117
158;2200904;Estatal;E.E.P. Nº 944 - 1° GOB. CONST. DEL CHACO FELIPE GALLARDO;944
159;2200906;Estatal;E.E.P. Nº 675 - DR.JUAN JOSE CASTELLI;675
160;2200929;Estatal;E.E.P. Nº 779 - GENDARMERIA NACIONAL;779
161;2200933;Estatal;E.E.P. Nº 3 - ANTARTIDA ARGENTINA;3
162;2200939;Estatal;E.E.P. Nº 596 - FRANCISCO N.DE LAPRIDA;596
163;2200942;Estatal;E.E.P. Nº 242 - OCTAVIO S. PICO;242
164;2200945;Estatal;E.E.P. Nº 969 - MAESTRO RODOLFO ALFREDO DINUBILA;969
165;2200947;Estatal;E.E.P. Nº 835 - ARMADA ARGENTINA;835
166;2200948;Estatal;E.E.P. Nº  963;963
167;2200949;Estatal;E.E.P. Nº 169 - ROMULO ZABALA;169
168;2200951;Estatal;E.E.P. Nº 26 - MIGUEL NAVARRO VIOLA;26
169;2200954;Estatal;E.E.P. Nº 5 - RUY DIAZ DE GUZMAN;5
170;2200959;Estatal;E.E.P. Nº 400 - SAN FDO.DEL RIO NEGRO;400
171;2200963;Estatal;E.E.P. Nº 319 - JUAN MANUEL ROSSI;319
172;2200964;Estatal;E.E.P. Nº 108 - INES MANUELA GARCIA DE MARQUES;108
173;2200972;Estatal;E.E.P. Nº 577 - DEL SESQUICENTENARIO;577
174;2200973;Estatal;E.E.P. Nº 893 -HNAS. DE LA CARIDAD DE QUEBEC-;893
175;2200977;Estatal;E.E.P. Nº 116 - GASPAR LUCILO BENAVENTO;116
176;2201003;Estatal;E.E.P. Nº 343 - COMBATE DE LA VUELTA DE OBLIGADO;343
177;2201005;Estatal;E.E.P. Nº 706 - ESTANISLAO LOPEZ;706
178;2201006;Estatal;E.E.P. Nº 842 - RITA AGOTE DE SUSTAITA;842
179;2201007;Estatal;E.E.P. Nº 942 - CLORINDO OMAR BLANCO;942
180;2201009;Estatal;E.E.P. Nº 784 - BRIG.GRAL.CORNELIO SAAVEDRA;784
181;2201030;Privado;U.E.G.P Nº 31 (UEP Nº 31) SAN ROQUE;31
182;2201273;Estatal;E.E.P. Nº 336 - ENRIQUE BANCHS;336
183;2201280;Estatal;E.E.P. Nº 607 - DEL CENT. DE LA CREACION DEL CHACO;607
184;2201281;Estatal;E.E.P. Nº 373 - AMERICA;373
185;2201286;Estatal;E.E.P. Nº 404 - ZITTO SEGOVIA;404
186;2201293;Estatal;E.E.P. Nº 831 - FUERZA AEREA ARGENTINA;831
187;2201294;Estatal;E.E.P. Nº 13 - MINISTRO BENJAMIN VICTORICA;13
188;2201298;Privado;U.E.G.P Nº 21 (UEP Nº 21) MARIA AUXILIADORA;21
189;2201300;Estatal;E.E.P. Nº 833 - GERONIMO MATORRAS;833
190;2201303;Estatal;E.E.P. Nº 880 - JUSTO P. FARIAS;880
191;2201304;Estatal;E.E.P. Nº 695 - FRAY CAYETANO JOSE RODRIGUEZ;695
192;2201327;Estatal;E.E.P. Nº 383 - MTRA.ENRIQUETA M.DE SOLIMANO;383
193;2201329;Estatal;E.E.P. Nº 54 - EJERCITO ARGENTINO;54
194;2201331;Estatal;E.E.P. Nº 274 - GRAL.JOSE DE SAN MARTIN;274
195;2201332;Estatal;E.E.P. Nº 518 - COMANDANTE ANDRESITO;518
196;2201333;Privado;U.E.G.P Nº 26 (UEP Nº 26) SAN JOSE OBRERO;26
197;2201396;Estatal;E.E.P. Nº 1007 - NORMAL SARMIENTO;1007
198;2201398;Estatal;E.E.P. Nº 1 - BENJAMIN ZORRILLA;1
199;2201403;Privado;U.E.G.P Nº 48 (UEP Nº 48) LUIS FEDERICO LELOIR;48
200;2201445;Estatal;E.E.P. Nº 423 - YEBRAIL MATTA;423
201;2201469;Privado;U.E.G.P Nº 9 (UEP Nº 9) LO SE TODO;9
202;2201487;Privado;U.E.G.P Nº 73 (UEP Nº 73) IGLESIA DE JESUCRISTO;73
203;2201513;Privado;U.E.G.P Nº 78 (UEP Nº 78) FE Y ALEGRIA ARGENTINA;78
204;2201789;Estatal;E.E.P. Nº 1047;1047
205;2201817;Estatal;E.E.P. Nº 1030 - GOBERNADOR ROY ABELARDO NIKISCH;1030
206;2202016;Estatal;E.E.P. Nº 1056;1056
207;2202020;Estatal;E.E.P. Nº 1058;1058
208;2202114;Estatal;E.E.P. Nº 1067;1067
209;2202149;Gestión social/cooperativa;E.P.G.C.B.I.I. Nº 1 (EX UEP Nº 30);1
210;2202233;Gestión social/cooperativa;E.P.G.S. Nº 1;1
211;2202352;Gestión social/cooperativa;E.P.G.S. Nº 2 (PRIMARIA);2
212;2202490;Privado;U.E.G.P Nº 74 (UEP Nº 74) INSTITUTO MODERNO DE EDUCACION INTEGRAL;74
213;2202515;Privado;U.E.G.P Nº 197 - INSTITUTO PRIVADO CHACO;197
214;2202559;Privado;U.E.G.P Nº 104 (UEP Nº 104) PRIMARIA;104
215;2202631;Privado;U.E.G.P Nº 155 - ORIGENES;155
216;2202641;Privado;U.E.G.P Nº 107 (UEP Nº 107) INSTITUTO SUPERIOR EDUCACION Y TRABAJO;107
217;2202667;Privado;U.E.G.P Nº 165 (UEP Nº 165) PAULO FREIRE - FUNDACIÓN COMPROMISO CIUDADANO DEL NEA;165
218;2202692;Privado;U.E.G.P Nº 144 (UEP Nº 144) CENTRO EDUC.CULT.Y DEP. PADRE SAVERIANO;
219;2200060;Estatal;E.E.S. Nº 11 - PROF. LINO TORRES (CEP 11);11
220;2200086;Estatal;E.E.S. Nº 75 - JULIO CORTAZAR (ENS Nº 75);75
221;2200613;Privado;U.E.G.P Nº 4 (UEP Nº 4) RAYOS DE LUZ;4
222;2200667;Estatal;E.E.S. Nº 32 - DOMINGO MATHEU (CEP 32);32
223;2200826;Privado;U.E.G.P Nº 48 (UEP Nº 48) LUIS FEDERICO LELOIR;48
224;2200887;Privado;U.E.G.P Nº 1 (UEP Nº 1) INSTITUTO EDUCATIVO PRIVADO;1
225;2200889;Estatal;E.E.S. Nº 54 - PABLO RICCHIERI (CEP Nº 54);54
226;2200896;Estatal;E.E.S. Nº 45 - HEROES DEL ATLANTICO SUR (ENS 45);45
227;2200897;Estatal;E.E.T. Nº 24 - SIMON DE IRIONDO;24
228;2200905;Estatal;E.E.S. Nº 73 - AUGUSTO G.SCHULZ (ENS Nº 73);73
229;2200907;Estatal;E.E.S. Nº 66 - PROF. ROBERTO A. MULLER (CEP Nº 66) (ECN N° 7);66
230;2200930;Estatal;E.E.S. Nº 31 - JOSE GERVASIO ARTIGAS (ENS 31);31
231;2200934;Privado;U.E.G.P Nº 31 (UEP Nº 31) SAN ROQUE;31
232;2200935;Estatal;E.E.S. Nº 33 - JUAN F. QUIROGA (CEP 33);33
233;2200937;Estatal;ESCUELA DE COMERCIO NOCTURNA Nº 5;5
234;2200938;Estatal;E.E.S. Nº 29 - ESTHER MACHICOTE DE DIAZ (CEP 29);29
235;2200943;Estatal;E.E.S. Nº 76 - COLEGIO NACIONAL JOSE MARIA PAZ (EX ENS Nº 76);76
236;2200946;Estatal;E.E.S. Nº 40 - EXPLORADOR RAMON LISTA (ENS 40);40
237;2200950;Privado;U.E.G.P Nº 42 -E.E.S-(UEP Nº 42) INSTITUTO ADVENTISTA DE RESISTENCIA;42
238;2200965;Estatal;E.E.S. Nº 25 - CACICA MERCEDES DOMINGA (CEP 25);25
239;2201001;Estatal;E.E.S. Nº 28 (CEP 28);28
240;2201008;Estatal;E.E.S. Nº 83 - DR.ERNESTO GUEVARA DE LA SERNA (ENS Nº 83);83
241;2201013;Privado;U.E.G.P Nº 18 (UEP Nº 18) NUESTRA SEÑORA DE ITATI;18
242;2201269;Estatal;E.E.T. Nº 21 - GRAL. MANUEL BELGRANO;21
243;2201275;Estatal;ESCUELA DE COMERCIO NOCTURNA Nº 4 - FRAY MAMERTO ESQUIU;4
244;2201276;Privado;U.E.G.P Nº 19 (UEP Nº 19) DON BOSCO;19
245;2201295;Estatal;E.E.S. Nº 60 - GRAL. ANGEL VICENTE PEÑALOZA (ENS Nº 60);60
246;2201297;Privado;U.E.G.P Nº 21 (UEP Nº 21) MARIA AUXILIADORA;21
247;2201302;Estatal;E.E.S. Nº 175 - DR.CARLOS A.BARBERAN (CEP 61);175
248;2201308;Estatal;E.E.T. Nº 16 - 1° DE MAYO (EX-CEP Y TTP Nº 44);16
249;2201309;Estatal;E.E.S. Nº 37 - RVDO.PADRE GUILLERMO FURLONG (ENS 37);37
250;2201423;Estatal;E.E.S. Nº 67 - GRAL. DON MANUEL OBLIGADO (CEP Nº 67);67
251;2201425;Estatal;E.E.S. Nº 84 - PEDRO H. UREÑA (CEP Nº 84);84
252;2201455;Estatal;E.E.S. Nº 87 - ESCUELA NORMAL SARMIENTO (ENS Nº 87);87
253;2201482;Estatal;ESCUELA DE COMERCIO NOCTURNA Nº 9 - PROFESOR RAMON VILLA;9
254;2201486;Estatal;E.E.S. Nº 88 - LIB. GRAL. SIMON BOLIVAR (ENS Nº 88);88
255;2201491;Estatal;E.E.T.A. Nº 32 - ESCUELA DE EDUCACION TECNICA AERONAUTICA;32
256;2201603;Estatal;E.E.S. Nº 2 - PROF. IVAN SAGARDUY (CEP 2);2
257;2201604;Estatal;E.E.S. Nº 3 - ABI MARIA FLORENCIA ORTEGA (CEP 3);3
258;2201605;Estatal;E.E.S. Nº 4 (CEP Nº 4);4
259;2201608;Privado;U.E.G.P Nº 101 (UEP Nº 101) INSTITUTO EDUCATIVO PENIEL;101
260;2201617;Privado;U.E.G.P Nº 109 (UEP Nº 109) COLEGIO INTEGRAL DR.CARLOS LOPEZ PIACENTINI;109
261;2201734;Privado;U.E.G.P Nº 107 (UEP Nº 107) INSTITUTO SUPERIOR EDUCACION Y TRABAJO;107
262;2201736;Privado;U.E.G.P Nº 12 (UEP Nº 12) INSTITUTO PRIVADO CRISTIANO;12
263;2201782;Privado;U.E.G.P Nº 73 (UEP Nº 73) IGLESIA DE JESUCRISTO;73
264;2201785;Estatal;E.E.S. Nº 68 (CEP Nº 68);68
265;2201823;Estatal;E.E.S. Nº 93 (CEP Nº 93);93
266;2201859;Privado;U.E.G.P Nº 27 (UEP Nº 27) EMILIO LAMARCA;27
267;2201877;Estatal;E.E.S. Nº 95 (CEP Nº 95);95
268;2201933;Privado;U.E.G.P Nº 26 (UEP Nº 26) SAN JOSE OBRERO;26
269;2201936;Privado;U.E.G.P Nº 78 (UEP Nº 78) FE Y ALEGRIA ARGENTINA;78
270;2201982;Estatal;E.E.S. Nº 109 - DR. HUGO MITOIRE (CEP 109);109
271;2202034;Estatal;E.E.S. Nº 118 (CEP 118);118
272;2202128;Estatal;E.E.S. Nº 150 - CARLOS ALBERTO ZAMUDIO;150
273;2202129;Estatal;E.E.S. Nº 151;151
274;2202141;Estatal;E.E.S. Nº 163 GOBERNADOR FLORENCIO TENEV;163
275;2202142;Estatal;E.E.S. Nº 164;164
276;2202150;Gestión social/cooperativa;E.P.G.C.B.I.I. Nº 1 (EX UEP N° 30);1
277;2202281;Estatal;P.E. TODOS A LA SECUNDARIA;
278;2202323;Gestión social/cooperativa;E.P.G.S. Nº 1 (SECUNDARIA);1
279;2202353;Gestión social/cooperativa;E.P.G.S. Nº 2 (SECUNDARIA);2
280;2202396;Privado;U.E.G.P Nº 197 (UEP Nº 197) INSTITUTO PRIVADO AMERICA;197
281;2202491;Privado;U.E.G.P Nº 74 (UEP Nº 74) INSTITUTO MODERNO DE EDUCACION INTEGRAL;74
282;2202510;Privado;U.E.G.P Nº 41 (UEP Nº 41) INSTITUTO EDUCATIVO BILINGUE AMICI;41
283;2202519;Privado;U.E.G.P Nº 166 - COLEGIO DE NIVEL SECUNDARIO PAUL BROCA;166
284;2202561;Privado;U.E.G.P Nº 206 - SECUNDARIA;206
285;2202620;Privado;U.E.G.P Nº 172 (UEP Nº 172) GOBERNADOR DEOLINDO FELIPE BITTEL;172
286;2202665;Privado;U.E.G.P Nº 218 - FUNDACION SARMIENTO;218
287;2200023;Estatal;INSTITUTO DE EDUCACION SUPERIOR - SAN FERNANDO REY;
288;2200144;Estatal;I.S.P.E.A. DANZAS - MARIA A. PELLEGRINI;
289;2200151;Privado;U.E.G.P Nº 15 (UEP Nº 15) INSTITUTO PRIVADO CHACO;15
290;2200899;Estatal;ESCUELA SUPERIOR DE SALUD PUBLICA;
291;2200914;Estatal;I.S.P.E.A. BELLAS ARTES - ALFREDO S.PERTILE;
292;2201274;Estatal;INSTITUTO DE EDUCACION SUPERIOR DE EDUCACION FISICA;
293;2201277;Privado;U.E.G.P Nº 58 (UEP Nº 58) INSTITUTO SUPERIOR ALMAFUERTE;58
294;2201401;Estatal;CENTRO EDUCATIVO DE NIVEL TERCIARIO Nº 51 (CENT 51);51
295;2201424;Estatal;I.S.P.E.A. MUSICA - PROF.L.P.DE ELIZONDO;64
296;2201458;Estatal;INSTITUTO DE EDUCACION SUPERIOR - DOMINGO F. SARMIENTO;
297;2201523;Privado;U.E.G.P Nº 65 (UEP Nº 65) INSTITUTO DE CAPACITACIÓN DOMINGO SAVIO Y TERESITA BRAMBILLA;65
298;2201524;Estatal;E.F.P. Nº 7;7
299;2201532;Estatal;E.F.P. Nº 4 - REVERENDO VICTORIANO RODRIGO;4
300;2201533;Estatal;E.E.A. Nº 13 - JARDINERIA;13
301;2201568;Estatal;INSTITUTO DE NIVEL TERCIARIO DE EDUC. TECN. Y FORM. PROF;
302;2201621;Estatal;BIBLIOTECA ESPECIALIZADA Nº 26 CARLOS HUMBERTO SCHENONE;26
303;2201629;Estatal;BIBLIOTECA ESCOLAR POPULAR Nº 12 BENJAMIN ZORRILLA;12
304;2201630;Estatal;BIBLIOTECA ESCOLAR Nº 13 CARLOS JUAN GIANNESCHI;13
305;2201632;Estatal;BIBLIOTECA ESPECIAL Nº 65 DR. LUIS GOVI;65
306;2201634;Estatal;BIBLIOTECA ESCOLAR POPULAR Nº 16 ALFONSINA STORNI;16
307;2201636;Gestión social/cooperativa;BIBLIOTECA ESCOLAR Nº 84 CACIQUE MORENO;84
308;2201637;Estatal;BIBLIOTECA ESCOLAR POPULAR Nº 10 CELMIRA GONCEVAT DE CABRAL;10
309;2201639;Estatal;BIBLIOTECA PUBLICA POPULAR Nº 36 JOSEFA LEMA DE URDAPILLETA;36
310;2201640;Estatal;BIBLIOTECA ESCOLAR Nº 35 JOSE HERNANDEZ;35
311;2201641;Estatal;BIBLIOTECA PUBLICA POPULAR Nº 34 NICOLAS ROJAS ACOSTA;34
312;2201647;Estatal;BIBLIOTECA PUBLICA POPULAR Nº 33 GENERAL MANUEL BELGRANO;33
313;2201649;Estatal;BIBLIOTECA ESCOLAR POPULAR Nº 2 REMEDIOS DE ESCALADA DE SAN MARTIN;2
314;2201650;Estatal;BIBLIOTECA ESCOLAR Nº 11 NELIDA BONNETT DE ROBLES;11
315;2201651;Estatal;BIBLIOTECA ESCOLAR Nº 70 LA SAGRADA FAMILIA;70
316;2201653;Estatal;BIBLIOTECA ESCOLAR Nº 63 NICOLAS AVELLANEDA;63
317;2201656;Estatal;BIBLIOTECA ESCOLAR POPULAR Nº 6 DR. JOSE A. TORRES;6
318;2201658;Estatal;BIBLIOTECA ESCOLAR Nº 3 -JUSTO C. MORALES;3
319;2201660;Estatal;BIBLIOTECA PUBLICA POPULAR Nº 1 PROF. LEOPOLDO HERRERA;1
320;2201661;Estatal;BIBLIOTECA ESCOLAR Nº 9 HERMINIA C. BRUMANA;9
321;2201666;Estatal;BIBLIOTECA TÉCNICA POPULAR Nº 62 MANUEL BELGRANO;62
322;2201667;Estatal;BIBLIOTECA ESCOLAR Nº 59 ENRIQUE LYNCH ARRIBALZAGA;59
323;2201668;Estatal;BIBLIOTECA ESCOLAR Nº 54 - EEP Nº 33 GUIDO MIRANDA;54
324;2201671;Estatal;BIBLIOTECA ESCOLAR Nº 31 FRANCISCO LUIS BERNARDEZ;31
325;2201684;Estatal;BIBLIOTECA ESCOLAR POPULAR Nº 56 GOB. MANUEL OBLIGADO;56
326;2201685;Estatal;BIBLIOTECA ESCOLAR POPULAR Nº 60 PADRE ALONSO DE BARZANA;60
327;2201686;Estatal;BIBLIOTECA ESCOLAR POPULAR Nº 75 BARTOLOME MITRE;75
328;2201689;Estatal;BIBLIOTECA ESCOLAR Nº 14 LIDIA GUASTI DE RODRIGUEZ;14
329;2201702;Estatal;CENTRO DE EDUCACION FISICA Nº 01-TTE.GRAL. PEDRO ARAMBURU;1
330;2201708;Estatal;BIBLIOTECA ESCOLAR Nº 201 PROF.IVETTE M.SIZUN DE SANCHEZ;201
331;2201750;Estatal;BIBLIOTECA ESCOLAR Nº 209 PRISCILIANO PEREZ;209
332;2201751;Estatal;BIBLIOTECA ESCOLAR POPULAR Nº 15 SARMIENTO;15
333;2201755;Estatal;"BIBLIOTECA ESCOLAR Nº 128 ""ANDRES SANDOVAL""";128
334;2201756;Estatal;BIBLIOTECA ESCOLAR POPULAR Nº 126 EL PRINCIPITO;126
335;2201757;Estatal;BIBLIOTECA ESCOLAR Nº 125 CARLOS LOPEZ PIACENTINI;125
336;2201758;Estatal;BIBLIOTECA ESCOLAR Nº 205 JUAN PEDEMONTE;205
337;2201759;Estatal;BIBLIOTECA ESCOLAR POPULAR Nº 222 ALFREDO VEIRAVE;222
338;2201760;Estatal;BIBLIOTECA PUBLICA Nº 229 MARIA ELENA MANSILLA DE LIZONDO;229
339;2201761;Estatal;BIBLIOTECA PUBLICA POPULAR Nº 234 EVITA;234
340;2201762;Estatal;BIBLIOTECA ESCOLAR POPULAR Nº 236 DOMINGO SAVIO;236
341;2201763;Estatal;BIBLIOTECA PUBLICA POPULAR Nº 240 JUAN DOMINGO PERON;240
342;2201764;Estatal;BIBLIOTECA ESCOLAR Nº 237 ELBA D.DE CASTORINA ;237
343;2201765;Estatal;BIBLIOTECA ESCOLAR Nº 242 SEFERINO AMELIO GERALDI;242
344;2201766;Estatal;BIBLIOTECA ESCOLAR Nº 243 ANITA K. DE CRAVZOV;243
345;2201767;Estatal;BIBLIOTECA PUBLICA Nº 246 ROSA CERVANTES DE EIDEN;246
346;2201768;Estatal;"BIBLIOTECA ESCOLAR Nº 299 ""GRACIELA BEATRIZ CABAL""";299
347;2201769;Estatal;BIBLIOTECA ESCOLAR Nº 248 ALEDO LUIS MELONI;248
348;2201774;Estatal;SUPERVISION REGIONAL UNO DE BIBLIOTECAS;68
349;2201775;Estatal;INSTITUTO DE EDUCACION SUPERIOR DE FORM. POLICIAL Y SEG. PUBLICA;
350;2201784;Privado;U.E.G.P Nº 114 (SNU) - UNIVERSIDAD POPULAR DE RESISTENCIA;114
351;2201807;Privado;U.E.G.P Nº 71 (UEP Nº 71) INSTITUTO SUPERIOR DARDO ROCHA;71
352;2201810;Privado;U.E.G.P Nº 106 (UEP Nº 106) INSTITUTO SUPERIOR DE NIVEL TERCIARIO;106
353;2201812;Privado;U.E.G.P Nº 122 (UEP Nº 122) INST.SUP.ESP.PROF. 13 DE JULIO;122
354;2201858;Privado;U.E.G.P Nº 132 (UEP Nº 132) INSTITUTO SUPERIOR DE DISEÑO;132
355;2201869;Estatal;"BIBLIOTECA ESCOLAR Nº 335 ""PADRE JOSE KENTENICH""";335
356;2201872;Privado;U.E.G.P Nº 87 (UEP Nº 87) CENTRO INTEGRAL DE ESTUDIOS R.A;87
357;2201875;Privado;U.E.G.P Nº 1 (UEP Nº 1) INSTITUTO EDUCATIVO PRIVADO;1
358;2201894;Privado;U.E.G.P Nº 134 (UEP Nº 134) INSTITUTO JUAN MANUEL DE ROSAS;134
359;2201914;Privado;U.E.G.P Nº 133 (UEP Nº 133) INSTITUTO DE NIVEL SUPERIOR;133
360;2201915;Privado;U.E.G.P Nº 135 (UEP Nº 135) INSTITUTO DE NIVEL SUPERIOR NORDESTE;135
361;2201924;Estatal;BIBLIOTECA ESCOLAR Nº 365 EES Nº 73 MOISES PENCHANSKY;365
362;2201925;Estatal;BIBLIOTECA ESCOLAR Nº 359 SELVA MABEL DIAZ;359
363;2201931;Estatal;"BIBLIOTECA ESCOLAR Nº 266 ""PROF. EDUARDO A. FRACCHIA""";266
364;2201944;Privado;U.E.G.P Nº 142 (UEP Nº 142) ESCUELA DE SERVICIO SOCIAL;142
365;2201945;Estatal;BIBLIOTECA ESCOLAR Nº 372 ENRIQUETA VARELA;372
366;2201949;Estatal;"BIBLIOTECA ESCOLAR Nº 320 ""BEBY GIARDINELLI DE LEONELLI""";320
367;2201950;Estatal;BIBLIOTECA ESCOLAR Nº 305 - EES Nº 88;305
368;2201951;Estatal;"BIBLIOTECA ESCOLAR Nº 278  ""LUCIA AMANDA EZQUIVELA""";278
369;2201954;Estatal;BIBLIOTECA ESCOLAR Nº 337 - PROFESOR ELOY PEREYRA -;337
370;2201963;Estatal;BIBLIOTECA ESCOLAR Nº 302 OBDULIA N.PINTOS;302
371;2201964;Estatal;BIBLIOTECA ESCOLAR Nº 259 INISIDA MIRTA TRABALON;259
372;2201966;Estatal;BIBLIOTECA ESCOLAR Nº 130 JUAN MORO;130
373;2201976;Estatal;BIBLIOTECA ESPECIALIZADA Nº 182 LUIS OMOBONO GUSBERTI;182
374;2201993;Estatal;BIBLIOTECA ESCOLAR Nº 328 DOCTOR ESTEBAN L.MARADONA;328
375;2202004;Estatal;BIBLIOTECA PUBLICA Nº 394 ITALO ARGENTINO;394
376;2202009;Estatal;BIBLIOTECA ESCOLAR Nº 129 - EEP Nº  880;129
377;2202013;Estatal;BIBLIOTECA ESCOLAR Nº 429 - EES Nº 29;429
378;2202036;Estatal;BIBLIOTECA ESCOLAR Nº 435 EDUARDO GALEANO  I.N.T  SAM FERNADO REY;435
379;2202046;Privado;U.E.G.P Nº 149 (UEP Nº 149) F.P;149
380;2202055;Estatal;P.E. EFP - CAMINO UNIDADES PENITENCIARIAS (ALDEA TRES HORQUETAS);0
381;2202070;Estatal;BIBLIOTECA ESCOLAR Nº 264 CARMEN V. DE LENTATI;264
382;2202071;Estatal;BIBLIOTECA ESCOLAR Nº 367 ARTURO JAURETCHE;367
383;2202074;Estatal;BIBLIOTECA ESCOLAR Nº 206 SOLDADOS DE MI PATRIA EEP Nº 897;206
384;2202076;Estatal;"BIBLIOTECA ESCOLAR Nº 338 ""ENRIQUE GAMARRAN""";338
385;2202152;Gestión social/cooperativa;E.P.G.C.B.I.I. Nº 1;1
386;2202155;Estatal;E.F.P. Nº 44 (EX-MEVAL);44
387;2202162;Estatal;AULAS MOVILES-CENTRO ITINERANTE DE FORM.PROF.;
388;2202167;Estatal;"BIBLIOTECA ESCOLAR Nº 318 ""ZITTO SEGOVIA""";318
389;2202186;Estatal;"BIBLIOTECA ESCOLAR Nº 279 ""MAPIC""";279
390;2202193;Estatal;BIBLIOTECA ESCOLAR Nº 366 LEONES RESISTENCIA - SAN FERNANDO;366
391;2202197;Privado;U.E.G.P Nº 157 (UEP Nº 157) CENTRO DE ESTUDIOS PSICOSOCIALES DEL CHACO;157
392;2202230;Privado;U.E.G.P Nº 167 (UEP Nº 167) DE FUNDACION PROSPERAR;167
393;2202240;Estatal;BIBLIOTECA ESCOLAR Nº 412 ANGELA GAUNADE CAMPETELLA;412
394;2202244;Estatal;BIBLIOTECA ESCOLAR Nº 413 ERNESTO CHE GUEVARA;413
395;2202253;Privado;U.E.G.P Nº 165 (UEP Nº 165) PAULO FREIRE - FUNDACIÓN COMPROMISO CIUDADANO DEL NEA;165
396;2202255;Gestión social/cooperativa;E.P.G.S. Nº 1 (FORMACION PROFESIONAL);1
397;2202257;Estatal;BIBLIOTECA ESCOLAR Nº 322 LUIS LANDRISCINA;322
398;2202268;Estatal;INSTITUTO DE EDUCACION SUPERIOR - RODOLFO WALSH;
399;2202269;Privado;U.E.G.P Nº 172 (UEP Nº 172) GOBERNADOR DEOLINDO FELIPE BITTEL;172
400;2202272;Privado;U.E.G.P Nº 166 (UEP Nº 166) INS.SUP.DE NEUROSICOLOGIA;166
401;2202273;Privado;U.E.G.P Nº 171 (UEP Nº 171) ENRIQUE PICHÓN REVIERE PSIC.SOCIAL;171
402;2202274;Privado;U.E.G.P Nº 173 (UEP Nº 173) ENFERMERO CARLOS C. ROMERO U.P.C.P.;173
403;2202275;Privado;U.E.G.P Nº 174 (UEP Nº 174) INSTITUTO DAN;174
404;2202276;Privado;U.E.G.P Nº 175 (UEP Nº 175);175
405;2202291;Estatal;BIBLIOTECA PUBLICA Nº 397 VIRGINIA TORRES DE BRIZUELA;397
406;2202317;Privado;U.E.G.P Nº 179 (UEP Nº 179) INSTITUTO DE FORMACION INTEGRAL CHACO;179
407;2202342;Privado;U.E.G.P Nº 177 (UEP Nº 177) NUESTRA VOZ;177
408;2202354;Gestión social/cooperativa;E.P.G.S. Nº 2 (EX P.E BLA Bº EMERENCIANO);2
409;2202355;Gestión social/cooperativa;E.P.G.S. Nº 2 (FORMACION PROFESIONAL);2
410;2202376;Privado;U.E.G.P Nº 182 (UEP Nº 182) INNOVA CENTER;182
411;2202392;Estatal;BIBLIOTECA ESCOLAR Nº 385- ELIGIA TERESA DELFABRO-;385
412;2202395;Gestión social/cooperativa;E.P.G.C.B.I.I. Nº 1 - RALAXAIC NME ENAXAMAXAC;1
413;2202402;Estatal;BIBLIOTECA ESCOLAR Nº 395 FUERZA AEREA ARGENTINA;395
414;2202428;Privado;U.E.G.P Nº 26 (UEP Nº 26) SAN JOSE OBRERO;26
415;2202447;Gestión social/cooperativa;E.P.G.S. Nº 2 (SUPERIOR);2
416;2202450;Privado;U.E.G.P Nº 199 (UEP Nº 199) INSTITUTO SUPERIOR ARANDU;199
417;2202469;Estatal;BIBLIOTECA ESCOLAR B.P Nº 421 -MARTA CRUZ QUILES-;421
418;2202479;Gestión social/cooperativa;E.P.G.S. Nº 2 (B.P);2
419;2202480;Estatal;INSTITUTO DE EDUCACION SUPERIOR AERONAUTICA - JORGE A. NEWBERY;
420;2202489;Estatal;INSTITUTO SUPERIOR DE LENGUAS - CULTURAS DE LA PROV. DEL CHACO;
421;2202493;Gestión social/cooperativa;E.P.G.S. Nº 4 (EX P-E BLA SOBERANIA LUIS A. LEZCANO);4
422;2202494;Gestión social/cooperativa;E.P.G.S. Nº 4 (EX P-E SOBERANIA LUIS A. LESCANO) (FORMACION PROFESIONAL);4
423;2202497;Gestión social/cooperativa;E.P.G.S. Nº 5 - ASOC. DE IGLESIAS EVANGELICAS MARANATHA;5
424;2202507;Privado;U.E.G.P Nº 93 (UEP Nº 93) C.E.A;93
425;2202511;Privado;U.E.G.P Nº 175 - INSTITUTO SUPERIOR NUEVA GENERACION;175
426;2202514;Privado;U.E.G.P Nº 15 - INSTITUTO PRIVADO CHACO;15
427;2202521;Privado;U.E.G.P Nº 166 - INS.SUP.DE NEUROSICOLOGIA;166
428;2202533;Privado;U.E.G.P Nº 207 - FUNDACION MEMPO GIARDINELLI;207
429;2202541;Gestión social/cooperativa;E.P.G.S. Nº 5 - ASOC. DE IGLESIAS EVANGELICAS MARANATHA;5
430;2202550;Gestión social/cooperativa;E.P.G.S. Nº 9 - FUNDACION GASTON;9
431;2202563;Privado;U.E.G.P Nº 200 - FUNDACION DEPORTIVO SOCIAL CHACO;200
432;2202574;Gestión social/cooperativa;E.P.G.S Nº 12 - JUAN DOMINGO PERON;12
433;2202575;Gestión social/cooperativa;P.E - C.E.F - B° EMERENCIANO-;
434;2202576;Gestión social/cooperativa;E.P.G.S N°9-FUNDACION GASTON-MODELO DE -CEF-;9
435;2202580;Gestión social/cooperativa;E.P.G.S. Nº 14 - LA MASCARA;14
436;2202582;Privado;U.E.G.P Nº 208;208
437;2202611;Privado;U.E.G.P Nº 218;218
438;2202615;Privado;U.E.G.P Nº 114 (FP) - UNIVERSIDAD POPULAR DE RESISTENCIA;114
439;2202638;Privado;U.E.G.P Nº 225;225
440;2202643;Privado;U.E.G.P Nº 224 - JACINTO AMARO SAMPAYO;224
441;2202644;Privado;U.E.G.P Nº 212 - INSTITUTO DE NIVEL SUPERIOR;212
442;2202674;Estatal;P.E. RODOLFO WALSH (FORMACION DE AUXILIARES DOCENTES);
443;2202688;Gestión social/cooperativa;E.P.G.S. Nº 6 -CARLOS ARMANDO ROLON (EX P-E BLA ZONA SUR)F.P;
444;2202702;Privado;U.E.G.P Nº 177 (UEP Nº 177) NUESTRA VOZ;
445;2202704;Gestión social/cooperativa;E.P.G.S. Nº 15 (EX P.E. BLA)-MARIANO FERREYRA-;
446;2202705;Privado;U.E.G.P Nº 236;
447;2202706;Privado;U.E.G.P Nº 237;
448;2202710;Privado;U.E.G.P Nº 235;
449;2202718;Estatal;PLATAFORMA VIRTUAL -ELE-;
450;2201002;Estatal;E.E.E. Nº 2 - TELMA RECA;2
451;2201793;Privado;U.E.G.P Nº 108 (UEP Nº 108) CENTRO EDUCATIVO TERAPEUTICO SOL;108
452;2201863;Privado;U.E.G.P Nº 121 (UEP Nº 121) CENTRO EDUC.TERAPEUTICO INSTITUTO BARRILETE;121
453;2202695;Estatal;P.E. S.O.M.O.S;
454;2200952;Estatal;E.S.J.A Nº 1 - JUANA DE IBARBOUROU (EX BLA 1);1
455;2200961;Estatal;E.P.A Nº 30 JUAN XXIII;30
456;2201010;Estatal;E.P.A Nº 37 ESCULTOR CHAQUEÑO FABRICIANO GOMEZ;37
457;2201031;Estatal;E.P.A Nº   36;36
458;2201326;Estatal;E.P.A Nº 21 PABLO A.PIZZURNO ;21
459;2202151;Gestión social/cooperativa;E.P.G.C.B.I.I. Nº 1 (EX UEP Nº 30);1
460;2202156;Estatal;E.S.J.A Nº 12 (EX BLA 12 - EX-MEVAL);12
461;2202264;Estatal;E.S.J.A Nº 14 (EX BLA 14);14
462;2202289;Estatal;P.E. ESJA - PROGRAMA DE TERMINALIDAD EDUCATIVA;
463;2202305;Privado;U.E.G.P Nº 172 (UEP Nº 172) GOBERNADOR DEOLINDO FELIPE BITTEL;172
464;2202339;Privado;U.E.G.P Nº 173 (UEP Nº 173) ENFERMERO CARLOS C. ROMERO U.P.C.P.;173
465;2202473;Gestión social/cooperativa;E.P.G.S. Nº 2 (EPA);2
466;2202495;Gestión social/cooperativa;E.P.G.S. Nº 4 (EPA);4
467;2202498;Estatal;P.E. ESJA - MOVIMIENTO OBRERO SOLIDARIO;
468;2202506;Privado;U.E.G.P Nº 93 (UEP Nº 93) C.E.A;93
469;2202517;Privado;U.E.G.P Nº 114 (BLA) - UNIVERSIDAD POPULAR DE RESISTENCIA;114
470;2202535;Privado;U.E.G.P Nº 199 (UEP Nº 199) INSTITUTO SUPERIOR ARANDU;199
471;2202545;Estatal;P.E. ESJA - SINDICATO DE TRABAJADORES MUNICIPALES;
472;2202564;Privado;U.E.G.P Nº 200 - FUNDACION DEPORTIVO SOCIAL CHACO;200
473;2202587;Estatal;P.E. ESJA - MIGUEL ANGEL BENJAMIN;
474;2202605;Gestión social/cooperativa;P.E. ESJA BILINGUE INTERCULTURAL - CACIQUE PELAYO;
475;2202607;Estatal;P.E. ESJA - SINDICATO DE TRABAJADORES DE CORREO Y TELECOMUNICACIONES DEL CHACO;
476;2202636;Estatal;P.E. ESJA - ASESCH;
477;2202679;Gestión social/cooperativa;E.P.G.S. Nº 6 -CARLOS ARMANDO ROLON (EX P-E BLA ZONA SUR);
